amt,gender,lat,long,byear,A,B,C,entertainment,food_dining,gas_transport,grocery_net,grocery_pos,health_fitness,home,kids_pets,misc_net,misc_pos,personal_care,shopping_net,shopping_pos,travel,April,Aug,Dec,Feb,Jan,July,June,Nov,Oct,Sept,AK,RI,31,32,21,22,01,02,11,12,Hyper Parameters,F1,AUC,Accuracy,Best Score
1,0,0,1,0,1,0,0,1,0,0,0,0,1,0,0,0,0,1,0,0,0,0,0,0,0,0,0,0,0,0,0,0,0,0,1,0,0,0,1,0,0,"{'C': 0.1, 'class_weight': {0: 1, 1: 4}, 'max_iter': 1000, 'penalty': 'l2'}",f1:0.663,AUC:0.938,Acc:0.982,0.6698
1,0,0,1,0,1,1,0,1,0,0,0,1,0,0,0,0,0,0,1,0,0,1,1,0,0,0,0,0,0,0,0,0,0,0,0,1,1,0,0,1,0,"{'C': 0.1, 'class_weight': {0: 1, 1: 4}, 'max_iter': 1000, 'penalty': 'l2'}",f1:0.661,AUC:0.93,Acc:0.983,0.6653
1,0,0,0,1,1,0,1,0,0,0,1,0,0,0,0,0,0,0,0,1,1,0,0,0,0,1,0,1,0,0,0,0,0,0,0,1,1,0,0,0,1,"{'C': 0.1, 'class_weight': {0: 1, 1: 5}, 'max_iter': 1000, 'penalty': 'l2'}",f1:0.663,AUC:0.941,Acc:0.981,0.6642
1,0,1,0,0,1,0,1,1,0,0,1,1,0,0,1,0,1,0,0,0,0,0,0,0,0,1,1,1,0,0,0,0,1,0,0,0,1,0,1,0,1,"{'C': 0.1, 'class_weight': {0: 1, 1: 4}, 'max_iter': 1000, 'penalty': 'l2'}",f1:0.647,AUC:0.934,Acc:0.979,0.6626
1,1,0,0,1,1,0,0,0,1,0,0,0,0,0,0,0,1,0,0,0,1,0,0,0,1,1,0,1,0,1,0,0,1,0,1,1,0,1,0,1,0,"{'C': 0.1, 'class_weight': {0: 1, 1: 4}, 'max_iter': 1000, 'penalty': 'none'}",f1:0.659,AUC:0.935,Acc:0.982,0.6618
1,0,0,0,1,0,1,1,0,0,1,1,1,0,0,1,0,0,0,0,1,0,0,0,1,0,0,0,1,0,1,0,1,0,1,1,0,0,0,0,0,1,"{'C': 0.1, 'class_weight': {0: 1, 1: 4}, 'max_iter': 1000, 'penalty': 'l2'}",f1:0.657,AUC:0.92,Acc:0.981,0.6597
1,0,1,1,1,0,1,0,1,0,0,1,1,1,0,1,1,0,0,0,0,0,1,0,0,1,1,0,1,0,0,0,0,1,0,0,0,0,0,0,0,0,"{'C': 0.5, 'class_weight': {0: 1, 1: 5}, 'max_iter': 1000, 'penalty': 'l2'}",f1:0.658,AUC:0.877,Acc:0.981,0.6595
1,0,0,1,1,0,0,0,1,0,0,0,1,0,0,0,0,0,1,1,1,1,0,0,0,0,0,1,1,0,1,0,0,0,1,1,1,0,1,0,0,0,"{'C': 0.5, 'class_weight': {0: 1, 1: 5}, 'max_iter': 1000, 'penalty': 'l2'}",f1:0.658,AUC:0.883,Acc:0.981,0.6584
1,1,1,1,1,0,0,1,0,0,0,1,1,1,0,1,0,0,0,0,0,1,1,0,0,1,1,0,0,0,0,0,0,0,1,0,0,0,1,0,0,0,"{'C': 0.1, 'class_weight': {0: 1, 1: 5}, 'max_iter': 1000, 'penalty': 'l2'}",f1:0.657,AUC:0.88,Acc:0.981,0.657
1,0,1,0,0,0,1,0,0,0,1,0,0,0,0,0,0,0,1,0,1,0,0,0,0,0,0,0,0,0,0,0,1,0,0,0,0,0,1,0,0,0,"{'C': 0.5, 'class_weight': {0: 1, 1: 5}, 'max_iter': 1000, 'penalty': 'l2'}",f1:0.657,AUC:0.892,Acc:0.981,0.6568
1,0,0,0,1,1,0,0,0,0,0,0,0,0,1,0,0,0,1,1,1,0,0,1,1,1,1,0,0,1,1,0,1,1,0,0,0,0,0,1,0,0,"{'C': 0.5, 'class_weight': {0: 1, 1: 4}, 'max_iter': 1000, 'penalty': 'l2'}",f1:0.655,AUC:0.918,Acc:0.982,0.6553
1,0,1,0,0,1,0,1,0,0,0,0,1,1,0,0,0,1,1,0,0,0,0,1,0,1,0,0,0,0,0,0,0,0,0,1,0,0,0,0,1,0,"{'C': 0.1, 'class_weight': {0: 1, 1: 3}, 'max_iter': 1000, 'penalty': 'l2'}",f1:0.655,AUC:0.93,Acc:0.982,0.6552
1,1,0,0,0,1,0,0,0,0,0,1,0,0,0,0,0,1,1,0,0,0,1,0,0,0,0,0,1,0,0,1,1,0,0,0,1,1,0,0,0,0,"{'C': 0.1, 'class_weight': {0: 1, 1: 5}, 'max_iter': 1000, 'penalty': 'l2'}",f1:0.589,AUC:0.921,Acc:0.98,0.6495
1,0,0,0,0,1,1,0,0,0,0,1,0,1,0,0,0,1,1,0,0,0,0,0,0,0,0,0,0,0,0,1,1,0,0,0,0,1,1,0,1,0,"{'C': 0.1, 'class_weight': {0: 1, 1: 5}, 'max_iter': 1000, 'penalty': 'l2'}",f1:0.562,AUC:0.923,Acc:0.98,0.6487
1,0,0,1,0,1,0,0,0,0,0,0,0,0,1,0,0,1,1,1,0,0,1,0,0,0,0,0,1,0,0,1,0,0,1,1,0,0,0,0,0,0,"{'C': 0.1, 'class_weight': {0: 1, 1: 4}, 'max_iter': 1000, 'penalty': 'l2'}",f1:0.556,AUC:0.929,Acc:0.98,0.6466
1,0,0,0,1,1,1,0,0,0,1,0,0,0,0,1,0,0,1,0,0,0,1,1,0,0,0,1,0,0,0,0,1,0,1,1,0,1,0,1,0,1,"{'C': 0.1, 'class_weight': {0: 1, 1: 5}, 'max_iter': 1000, 'penalty': 'l2'}",f1:0.646,AUC:0.934,Acc:0.981,0.646
1,0,0,1,0,1,0,0,0,0,1,0,0,1,0,1,0,0,0,1,0,0,0,0,1,0,1,0,1,0,0,1,1,1,0,0,1,0,0,0,1,1,"{'C': 0.1, 'class_weight': {0: 1, 1: 5}, 'max_iter': 1000, 'penalty': 'l2'}",f1:0.641,AUC:0.933,Acc:0.981,0.643
1,1,0,1,1,0,1,0,1,0,0,1,1,0,0,0,0,1,0,1,0,0,0,1,0,0,0,1,0,0,0,0,0,1,0,1,1,0,0,0,1,0,"{'C': 0.5, 'class_weight': {0: 1, 1: 5}, 'max_iter': 1000, 'penalty': 'l2'}",f1:0.641,AUC:0.906,Acc:0.979,0.6414
1,1,1,0,0,0,0,0,0,0,0,1,1,1,0,0,1,0,1,0,1,0,0,0,0,0,0,0,0,0,1,0,1,0,0,0,1,1,0,1,1,1,"{'C': 0.1, 'class_weight': {0: 1, 1: 5}, 'max_iter': 1000, 'penalty': 'l2'}",f1:0.636,AUC:0.87,Acc:0.981,0.6412
1,0,0,0,0,1,1,0,0,0,0,1,0,0,0,0,0,0,0,0,0,0,0,0,0,0,0,1,0,0,0,1,0,0,0,1,1,0,0,0,0,0,"{'C': 0.1, 'class_weight': {0: 1, 1: 5}, 'max_iter': 1000, 'penalty': 'l2'}",f1:0.541,AUC:0.918,Acc:0.979,0.6406
1,1,0,0,0,1,0,0,0,0,1,0,1,0,0,0,0,0,1,1,0,0,1,0,0,0,1,1,0,0,1,0,1,1,0,0,0,0,0,1,1,1,"{'C': 0.1, 'class_weight': {0: 1, 1: 4}, 'max_iter': 1000, 'penalty': 'l2'}",f1:0.632,AUC:0.921,Acc:0.982,0.6403
1,0,1,0,0,1,0,0,0,1,0,0,1,1,0,1,0,1,0,0,1,0,1,0,1,0,0,1,0,0,1,0,1,0,0,1,0,0,0,0,1,0,"{'C': 0.1, 'class_weight': {0: 1, 1: 3}, 'max_iter': 1000, 'penalty': 'l2'}",f1:0.615,AUC:0.924,Acc:0.982,0.6377
1,0,0,1,0,0,1,1,0,1,0,1,0,1,0,0,0,1,1,0,0,1,1,0,0,1,1,0,1,0,0,0,1,0,0,1,0,0,0,0,0,0,"{'C': 0.1, 'class_weight': {0: 1, 1: 5}, 'max_iter': 1000, 'penalty': 'l2'}",f1:0.634,AUC:0.91,Acc:0.98,0.635
1,0,1,0,0,1,0,0,0,0,1,1,0,0,0,0,0,1,0,0,1,0,0,0,0,0,1,0,0,0,1,1,0,0,0,0,1,1,0,0,0,0,"{'C': 0.1, 'class_weight': {0: 1, 1: 5}, 'max_iter': 1000, 'penalty': 'l2'}",f1:0.535,AUC:0.918,Acc:0.979,0.6339
1,0,1,0,1,1,0,0,1,0,0,1,0,0,1,1,0,0,0,1,1,0,0,0,1,1,1,0,0,0,1,1,0,0,1,0,0,0,0,0,0,0,"{'C': 0.1, 'class_weight': {0: 1, 1: 5}, 'max_iter': 1000, 'penalty': 'l2'}",f1:0.621,AUC:0.935,Acc:0.979,0.6308
1,1,1,0,0,0,1,0,0,0,1,0,0,0,0,1,0,0,0,0,1,0,0,0,0,1,1,0,0,0,0,0,0,1,1,0,0,1,0,0,0,0,"{'C': 0.1, 'class_weight': {0: 1, 1: 4}, 'max_iter': 1000, 'penalty': 'l2'}",f1:0.618,AUC:0.91,Acc:0.979,0.6279
1,0,0,0,0,1,1,1,0,0,1,0,0,0,1,0,0,0,0,1,1,0,0,0,0,0,1,1,1,1,1,0,0,0,0,0,0,0,1,1,1,0,"{'C': 0.1, 'class_weight': {0: 1, 1: 4}, 'max_iter': 1000, 'penalty': 'l2'}",f1:0.543,AUC:0.914,Acc:0.979,0.6263
1,0,1,0,0,0,0,1,0,0,0,0,1,0,0,0,0,1,1,0,0,0,0,0,0,0,1,1,0,0,1,0,1,0,1,0,0,0,0,0,1,0,"{'C': 0.1, 'class_weight': {0: 1, 1: 5}, 'max_iter': 1000, 'penalty': 'l2'}",f1:0.533,AUC:0.867,Acc:0.979,0.6238
1,1,0,1,0,1,0,0,1,0,0,0,1,0,0,1,0,1,0,0,0,0,1,0,1,1,0,0,0,1,1,0,1,0,0,0,0,1,0,1,0,0,"{'C': 0.1, 'class_weight': {0: 1, 1: 5}, 'max_iter': 1000, 'penalty': 'l2'}",f1:0.608,AUC:0.917,Acc:0.982,0.6214
1,0,0,0,0,0,1,0,0,0,0,0,0,1,0,0,1,0,0,1,0,0,1,0,0,0,0,0,0,1,0,0,0,1,1,0,1,0,0,1,1,0,"{'C': 0.1, 'class_weight': {0: 1, 1: 4}, 'max_iter': 1000, 'penalty': 'l2'}",f1:0.62,AUC:0.891,Acc:0.98,0.6199
1,1,0,0,0,1,1,0,1,0,0,0,0,0,0,1,0,0,0,0,1,0,1,1,1,0,0,1,0,1,0,0,1,0,0,1,0,0,1,1,0,0,"{'C': 0.1, 'class_weight': {0: 1, 1: 5}, 'max_iter': 1000, 'penalty': 'l2'}",f1:0.555,AUC:0.908,Acc:0.98,0.6187
1,0,0,0,0,0,0,0,0,0,0,0,1,0,0,0,0,0,1,1,1,0,0,0,1,0,0,0,1,1,0,0,0,0,0,0,0,0,0,0,0,0,"{'C': 0.1, 'class_weight': {0: 1, 1: 5}, 'max_iter': 1000, 'penalty': 'none'}",f1:0.572,AUC:0.837,Acc:0.978,0.6071
1,0,0,0,0,0,0,0,0,1,1,0,1,0,0,1,0,0,1,0,0,1,1,0,0,1,1,1,0,0,1,1,0,0,0,1,1,0,0,1,0,0,"{'C': 0.1, 'class_weight': {0: 1, 1: 5}, 'max_iter': 1000, 'penalty': 'l2'}",f1:0.554,AUC:0.857,Acc:0.979,0.5992
1,0,0,1,1,0,1,0,0,0,0,1,0,1,0,0,1,0,0,0,0,0,0,0,0,0,0,1,1,1,1,0,0,1,1,0,0,1,1,0,1,0,"{'C': 0.1, 'class_weight': {0: 1, 1: 5}, 'max_iter': 1000, 'penalty': 'l2'}",f1:0.593,AUC:0.873,Acc:0.978,0.5928
1,0,0,0,0,0,0,0,0,1,0,0,1,0,0,1,1,1,0,0,0,1,1,0,0,0,0,1,0,1,0,0,0,1,0,0,0,0,0,1,0,0,"{'C': 1, 'class_weight': {0: 1, 1: 5}, 'max_iter': 1000, 'penalty': 'l2'}",f1:0.537,AUC:0.815,Acc:0.978,0.5922
1,0,1,0,1,0,0,1,0,0,1,0,0,0,0,1,0,1,0,1,0,1,1,1,0,0,0,0,0,1,0,0,0,0,0,1,1,0,0,1,0,1,"{'C': 0.5, 'class_weight': {0: 1, 1: 5}, 'max_iter': 1000, 'penalty': 'l2'}",f1:0.568,AUC:0.887,Acc:0.98,0.5913
1,0,1,0,0,0,0,1,0,0,0,0,0,0,1,0,1,0,1,0,1,0,0,0,0,1,1,0,1,1,0,0,1,0,1,1,0,0,0,1,0,1,"{'C': 0.1, 'class_weight': {0: 1, 1: 5}, 'max_iter': 1000, 'penalty': 'l2'}",f1:0.536,AUC:0.877,Acc:0.979,0.5894
1,0,0,0,0,0,0,0,0,0,0,1,0,0,0,1,1,1,0,0,0,1,0,0,0,0,1,0,1,0,0,0,0,0,1,0,1,0,1,0,1,0,"{'C': 0.1, 'class_weight': {0: 1, 1: 5}, 'max_iter': 1000, 'penalty': 'none'}",f1:0.584,AUC:0.877,Acc:0.978,0.584
1,0,0,0,1,0,0,1,0,1,0,0,0,0,0,0,0,1,1,0,1,1,1,1,0,1,0,1,0,0,0,0,0,0,0,0,1,0,1,1,1,0,"{'C': 0.1, 'class_weight': {0: 1, 1: 5}, 'max_iter': 1000, 'penalty': 'l2'}",f1:0.583,AUC:0.88,Acc:0.978,0.5833
1,1,1,0,0,0,0,0,1,0,0,1,0,0,0,0,1,0,1,0,0,0,0,0,0,0,0,0,1,0,0,0,0,0,0,0,0,0,0,0,0,0,"{'C': 0.1, 'class_weight': {0: 1, 1: 2}, 'max_iter': 1000, 'penalty': 'none'}",f1:0.518,AUC:0.845,Acc:0.974,0.5711
1,1,1,0,1,0,0,1,0,0,0,0,0,0,0,0,0,0,0,0,0,1,1,0,1,1,0,0,0,1,0,0,0,0,0,0,1,0,0,0,1,0,"{'C': 0.1, 'class_weight': {0: 1, 1: 3}, 'max_iter': 1000, 'penalty': 'none'}",f1:0.561,AUC:0.878,Acc:0.98,0.5706
1,1,0,0,0,0,0,0,0,0,1,0,0,0,0,0,0,0,0,1,0,0,1,0,1,0,0,0,0,0,0,0,0,1,0,0,0,0,1,0,0,0,"{'C': 0.1, 'class_weight': {0: 1, 1: 2}, 'max_iter': 1000, 'penalty': 'none'}",f1:0.537,AUC:0.864,Acc:0.976,0.5685
1,0,0,1,1,0,0,1,0,0,1,0,0,1,0,0,1,1,1,0,0,0,0,0,0,1,0,1,0,0,0,1,1,0,0,1,1,0,0,0,0,1,"{'C': 0.5, 'class_weight': {0: 1, 1: 3}, 'max_iter': 1000, 'penalty': 'l2'}",f1:0.556,AUC:0.898,Acc:0.977,0.5656
1,0,0,0,1,0,0,1,1,1,0,1,0,0,0,1,1,0,0,0,0,1,1,0,0,1,1,0,0,0,0,1,1,1,0,0,0,0,0,0,0,1,"{'C': 0.1, 'class_weight': {0: 1, 1: 3}, 'max_iter': 1000, 'penalty': 'l2'}",f1:0.554,AUC:0.868,Acc:0.977,0.5612
1,0,0,0,0,0,0,0,0,0,0,0,0,0,0,0,0,0,0,1,0,1,0,0,0,1,1,1,0,0,0,0,0,0,0,0,0,0,0,0,1,1,"{'C': 0.1, 'class_weight': {0: 1, 1: 3}, 'max_iter': 1000, 'penalty': 'l2'}",f1:0.559,AUC:0.858,Acc:0.979,0.5586
1,0,0,0,0,0,1,1,0,0,0,1,1,0,0,1,0,0,0,0,0,1,0,1,1,1,0,1,0,1,1,0,1,0,1,0,0,0,0,0,1,0,"{'C': 0.1, 'class_weight': {0: 1, 1: 4}, 'max_iter': 1000, 'penalty': 'l2'}",f1:0.531,AUC:0.867,Acc:0.979,0.5563
1,0,0,0,0,0,0,0,0,1,1,0,0,0,0,0,0,0,0,0,0,1,0,0,0,0,0,0,0,0,1,0,1,0,0,0,0,1,0,0,0,1,"{'C': 0.1, 'class_weight': {0: 1, 1: 3}, 'max_iter': 1000, 'penalty': 'l2'}",f1:0.538,AUC:0.872,Acc:0.976,0.5535
1,1,1,0,0,0,0,1,0,0,0,0,0,0,0,0,0,0,1,1,0,0,0,0,0,0,0,1,0,0,0,0,0,0,0,0,0,1,0,0,0,0,"{'C': 0.1, 'class_weight': {0: 1, 1: 3}, 'max_iter': 1000, 'penalty': 'l2'}",f1:0.549,AUC:0.878,Acc:0.977,0.5532
1,1,0,0,0,0,0,0,0,0,0,1,0,0,1,0,0,1,0,0,0,0,0,0,0,0,0,0,0,1,0,0,0,0,0,0,1,0,0,0,0,1,"{'C': 0.1, 'class_weight': {0: 1, 1: 2}, 'max_iter': 1000, 'penalty': 'l2'}",f1:0.536,AUC:0.866,Acc:0.976,0.5502
1,0,0,1,0,0,0,0,0,0,1,0,0,0,1,0,1,0,1,0,0,0,1,0,0,0,1,1,0,0,0,0,1,0,1,0,0,0,0,1,0,0,"{'C': 0.1, 'class_weight': {0: 1, 1: 5}, 'max_iter': 1000, 'penalty': 'l2'}",f1:0.549,AUC:0.875,Acc:0.977,0.5492
1,0,0,1,1,0,0,0,1,0,0,0,0,1,0,1,0,0,0,0,1,0,0,0,0,0,1,1,0,0,0,0,0,0,0,0,0,0,0,1,1,1,"{'C': 0.5, 'class_weight': {0: 1, 1: 5}, 'max_iter': 1000, 'penalty': 'l2'}",f1:0.546,AUC:0.87,Acc:0.976,0.5491
1,0,1,0,1,0,0,0,0,0,0,0,0,0,1,1,0,0,0,0,1,0,0,0,0,1,1,0,0,0,1,1,1,0,0,0,1,0,0,0,0,0,"{'C': 1, 'class_weight': {0: 1, 1: 3}, 'max_iter': 1000, 'penalty': 'l2'}",f1:0.548,AUC:0.87,Acc:0.978,0.5482
1,0,0,1,0,0,0,0,1,0,1,0,0,0,0,0,0,0,0,1,0,0,0,0,1,1,0,0,0,0,1,1,0,0,1,0,0,1,0,1,0,0,"{'C': 0.1, 'class_weight': {0: 1, 1: 5}, 'max_iter': 1000, 'penalty': 'l2'}",f1:0.544,AUC:0.856,Acc:0.976,0.5443
1,1,0,1,0,0,0,0,1,0,0,0,0,0,0,0,1,1,1,0,0,0,1,0,0,0,0,0,0,1,1,0,1,0,0,1,0,0,1,1,1,1,"{'C': 0.1, 'class_weight': {0: 1, 1: 5}, 'max_iter': 1000, 'penalty': 'l2'}",f1:0.535,AUC:0.84,Acc:0.976,0.5345
1,1,0,0,0,0,0,0,0,0,0,0,0,0,1,0,0,0,1,0,1,0,0,0,1,0,0,0,0,0,1,0,0,0,0,0,0,0,0,1,0,0,"{'C': 0.1, 'class_weight': {0: 1, 1: 3}, 'max_iter': 1000, 'penalty': 'l2'}",f1:0.518,AUC:0.822,Acc:0.974,0.5313
1,0,0,0,0,0,0,0,1,0,0,1,0,0,1,1,1,0,1,1,0,1,1,1,0,0,1,1,1,0,0,1,0,0,0,0,0,0,1,0,0,0,"{'C': 0.1, 'class_weight': {0: 1, 1: 2}, 'max_iter': 1000, 'penalty': 'l2'}",f1:0.5,AUC:0.81,Acc:0.975,0.5029
0,1,1,1,0,1,1,0,1,1,1,0,0,0,1,0,0,0,0,0,1,0,0,0,0,1,0,1,0,0,0,0,0,0,0,1,0,0,0,1,1,1,"{'C': 0.1, 'class_weight': {0: 1, 1: 4}, 'max_iter': 1000, 'penalty': 'l2'}",f1:0.262,AUC:0.867,Acc:0.972,0.3303
0,0,0,1,0,1,1,0,0,0,0,0,1,0,0,0,1,1,0,0,0,1,0,0,1,0,0,0,0,0,0,1,0,0,0,0,1,1,0,1,0,0,"{'C': 0.1, 'class_weight': {0: 1, 1: 4}, 'max_iter': 1000, 'penalty': 'l2'}",f1:0.29,AUC:0.854,Acc:0.971,0.3254
0,0,0,1,0,1,1,0,1,0,1,1,1,0,1,0,0,0,0,0,1,1,0,1,0,0,0,0,1,0,1,0,1,0,0,1,0,0,0,1,0,0,"{'C': 0.1, 'class_weight': {0: 1, 1: 5}, 'max_iter': 1000, 'penalty': 'l2'}",f1:0.262,AUC:0.844,Acc:0.972,0.3213
0,0,0,1,1,1,1,0,1,0,0,0,0,0,1,0,0,1,0,0,0,0,1,0,1,0,0,1,0,0,1,0,1,1,0,0,0,1,1,0,1,0,"{'C': 0.1, 'class_weight': {0: 1, 1: 5}, 'max_iter': 1000, 'penalty': 'none'}",f1:0.316,AUC:0.872,Acc:0.954,0.3156
0,0,1,0,0,1,1,0,0,1,0,0,0,0,0,0,1,1,1,0,0,0,0,1,0,0,0,1,0,1,0,0,0,1,0,0,0,0,1,0,0,0,"{'C': 0.1, 'class_weight': {0: 1, 1: 4}, 'max_iter': 1000, 'penalty': 'l2'}",f1:0.0,AUC:0.803,Acc:0.971,0.2939
0,0,0,1,0,1,0,0,0,0,0,0,1,1,0,0,0,1,0,0,1,0,0,0,1,0,0,1,0,0,0,0,0,0,1,1,1,0,0,1,0,0,"{'C': 0.5, 'class_weight': {0: 1, 1: 5}, 'max_iter': 1000, 'penalty': 'l2'}",f1:0.0,AUC:0.858,Acc:0.971,0.2866
0,0,0,0,1,1,0,0,0,1,1,0,0,1,1,0,0,0,0,0,1,0,0,0,0,0,0,1,0,0,0,1,0,0,0,1,0,0,1,0,0,1,"{'C': 0.1, 'class_weight': {0: 1, 1: 5}, 'max_iter': 1000, 'penalty': 'l2'}",f1:0.242,AUC:0.872,Acc:0.957,0.2816
0,1,1,1,0,1,0,0,1,0,0,0,1,0,0,0,1,0,1,0,0,0,0,0,0,1,1,1,0,1,0,0,1,0,0,1,1,0,0,1,0,0,"{'C': 0.1, 'class_weight': {0: 1, 1: 4}, 'max_iter': 1000, 'penalty': 'none'}",f1:0.019,AUC:0.831,Acc:0.969,0.2795
0,1,0,0,1,1,0,0,0,1,0,0,0,1,0,0,1,1,0,0,0,1,0,0,1,1,0,1,1,0,0,0,0,1,1,0,0,0,0,1,1,0,"{'C': 0.1, 'class_weight': {0: 1, 1: 5}, 'max_iter': 1000, 'penalty': 'none'}",f1:0.248,AUC:0.875,Acc:0.956,0.2795
0,0,0,1,0,1,0,0,0,0,1,0,1,1,1,1,0,0,0,0,0,0,0,1,0,1,0,0,0,1,0,0,1,1,1,0,1,0,0,1,0,1,"{'C': 0.1, 'class_weight': {0: 1, 1: 5}, 'max_iter': 1000, 'penalty': 'l2'}",f1:0.02,AUC:0.838,Acc:0.969,0.2775
0,0,1,0,0,1,0,0,0,0,0,0,0,0,0,1,1,0,1,0,1,1,0,0,0,1,0,0,1,1,0,1,0,1,1,1,1,0,0,1,0,0,"{'C': 0.5, 'class_weight': {0: 1, 1: 5}, 'max_iter': 1000, 'penalty': 'l2'}",f1:0.027,AUC:0.829,Acc:0.968,0.2769
0,0,1,1,0,1,0,0,0,0,1,0,0,0,1,0,1,0,1,0,1,0,0,0,0,0,1,1,1,0,0,1,0,0,1,0,1,0,0,1,1,0,"{'C': 0.1, 'class_weight': {0: 1, 1: 5}, 'max_iter': 1000, 'penalty': 'l2'}",f1:0.018,AUC:0.84,Acc:0.969,0.2763
0,1,0,0,0,1,0,0,0,0,0,1,0,0,0,1,1,0,0,1,0,1,0,0,0,1,1,1,1,0,0,0,1,1,0,0,0,0,0,1,1,1,"{'C': 0.1, 'class_weight': {0: 1, 1: 5}, 'max_iter': 1000, 'penalty': 'l2'}",f1:0.019,AUC:0.848,Acc:0.969,0.2716
0,0,0,0,0,1,0,0,0,0,0,0,0,0,1,0,1,1,1,0,0,0,0,1,0,0,1,1,0,0,1,0,0,0,0,1,0,1,0,1,0,0,"{'C': 0.1, 'class_weight': {0: 1, 1: 4}, 'max_iter': 1000, 'penalty': 'l2'}",f1:0.0,AUC:0.814,Acc:0.969,0.2642
0,0,0,1,0,1,0,0,0,1,0,0,1,0,1,0,1,0,0,1,0,0,0,0,0,0,0,0,1,0,0,0,0,0,0,0,0,0,0,0,0,0,"{'C': 0.1, 'class_weight': {0: 1, 1: 5}, 'max_iter': 1000, 'penalty': 'none'}",f1:0.0,AUC:0.856,Acc:0.971,0.2625
0,0,0,1,0,1,0,0,0,0,0,0,0,0,0,0,1,1,0,0,0,0,0,1,0,0,1,0,1,1,1,0,0,0,0,0,1,0,1,0,0,1,"{'C': 0.1, 'class_weight': {0: 1, 1: 5}, 'max_iter': 1000, 'penalty': 'none'}",f1:0.004,AUC:0.813,Acc:0.968,0.2577
0,0,0,1,0,1,0,0,0,1,1,0,1,1,0,0,1,0,0,1,0,0,1,1,0,1,0,0,0,1,0,1,1,0,0,1,0,0,0,1,0,0,"{'C': 1, 'class_weight': {0: 1, 1: 5}, 'max_iter': 1000, 'penalty': 'l2'}",f1:0.072,AUC:0.818,Acc:0.967,0.2555
0,0,0,1,1,1,1,0,1,0,0,0,0,0,0,0,1,1,0,0,1,1,0,0,0,1,0,1,0,1,1,1,0,0,0,0,0,0,0,1,0,1,"{'C': 0.5, 'class_weight': {0: 1, 1: 3}, 'max_iter': 1000, 'penalty': 'l2'}",f1:0.151,AUC:0.85,Acc:0.969,0.2419
0,0,0,1,1,1,1,1,0,0,1,0,1,1,0,0,0,0,1,0,0,1,1,0,1,1,0,0,0,1,0,1,0,0,0,1,0,0,0,0,0,0,"{'C': 1, 'class_weight': {0: 1, 1: 5}, 'max_iter': 1000, 'penalty': 'l2'}",f1:0.042,AUC:0.831,Acc:0.97,0.2141
0,0,0,1,0,1,0,0,0,0,0,0,0,1,0,1,0,1,0,1,0,0,0,1,1,0,0,0,0,1,1,1,0,1,0,1,0,1,1,0,1,0,"{'C': 1, 'class_weight': {0: 1, 1: 5}, 'max_iter': 1000, 'penalty': 'l2'}",f1:0.048,AUC:0.799,Acc:0.967,0.214
0,0,0,0,0,1,1,0,1,1,0,0,0,0,0,0,0,0,0,0,0,0,0,0,1,0,1,0,0,0,0,0,0,1,0,0,1,0,0,0,0,0,"{'C': 0.1, 'class_weight': {0: 1, 1: 5}, 'max_iter': 1000, 'penalty': 'l2'}",f1:0.028,AUC:0.841,Acc:0.968,0.2137
0,0,1,0,1,1,1,0,1,0,0,0,0,0,0,1,0,0,0,0,0,1,0,0,0,0,0,1,0,0,0,0,1,0,1,0,1,0,0,0,0,1,"{'C': 0.1, 'class_weight': {0: 1, 1: 4}, 'max_iter': 1000, 'penalty': 'l2'}",f1:0.213,AUC:0.852,Acc:0.954,0.2126
0,0,0,1,0,0,0,1,1,0,0,1,0,0,1,0,0,0,0,0,0,0,0,0,0,0,0,0,1,0,0,0,0,1,0,0,0,0,0,1,0,0,"{'C': 0.1, 'class_weight': {0: 1, 1: 5}, 'max_iter': 1000, 'penalty': 'l2'}",f1:0.107,AUC:0.742,Acc:0.966,0.2108
0,0,0,0,0,1,0,0,1,1,1,0,1,1,0,1,1,0,1,0,1,0,0,1,0,1,0,0,0,0,0,1,0,0,0,1,1,1,0,0,0,0,"{'C': 0.1, 'class_weight': {0: 1, 1: 5}, 'max_iter': 1000, 'penalty': 'l2'}",f1:0.009,AUC:0.821,Acc:0.97,0.2083
0,1,0,1,1,0,1,1,0,1,0,0,0,1,0,0,0,1,1,1,0,0,0,0,0,0,0,1,0,1,0,0,1,0,0,1,0,1,0,1,0,0,"{'C': 0.5, 'class_weight': {0: 1, 1: 5}, 'max_iter': 1000, 'penalty': 'l2'}",f1:0.093,AUC:0.802,Acc:0.971,0.2082
0,1,0,0,0,0,0,1,0,0,0,1,1,1,0,0,0,0,0,0,0,0,0,0,0,0,0,0,0,0,0,0,0,0,0,1,0,1,0,1,0,0,"{'C': 0.1, 'class_weight': {0: 1, 1: 5}, 'max_iter': 1000, 'penalty': 'l2'}",f1:0.204,AUC:0.783,Acc:0.971,0.2037
0,0,0,0,1,0,1,1,0,0,0,0,1,0,0,0,0,1,0,0,1,0,0,0,0,0,1,0,0,0,0,0,0,0,0,0,0,0,0,1,0,0,"{'C': 0.1, 'class_weight': {0: 1, 1: 5}, 'max_iter': 1000, 'penalty': 'none'}",f1:0.192,AUC:0.767,Acc:0.965,0.2017
0,1,1,1,0,0,1,1,0,0,0,0,1,1,0,0,1,0,0,1,0,1,0,1,1,0,0,0,0,0,0,1,0,0,1,0,1,0,0,0,1,0,"{'C': 0.5, 'class_weight': {0: 1, 1: 5}, 'max_iter': 1000, 'penalty': 'l2'}",f1:0.095,AUC:0.746,Acc:0.971,0.2013
0,1,0,0,0,0,0,1,1,1,0,1,0,1,0,0,1,1,0,1,0,0,0,1,0,0,1,0,0,0,0,0,1,0,1,1,0,0,0,1,0,1,"{'C': 0.1, 'class_weight': {0: 1, 1: 5}, 'max_iter': 1000, 'penalty': 'none'}",f1:0.12,AUC:0.756,Acc:0.971,0.2002
0,1,0,0,1,0,0,1,0,1,0,1,0,0,0,0,0,1,1,0,0,0,0,0,1,0,0,0,0,0,0,1,0,1,1,0,0,0,0,1,0,0,"{'C': 0.1, 'class_weight': {0: 1, 1: 5}, 'max_iter': 1000, 'penalty': 'l2'}",f1:0.182,AUC:0.768,Acc:0.971,0.1983
0,1,1,1,0,0,0,1,0,1,0,0,0,0,1,0,1,1,0,1,0,0,1,0,1,1,0,0,0,0,0,0,0,1,0,0,1,0,0,1,0,1,"{'C': 0.1, 'class_weight': {0: 1, 1: 5}, 'max_iter': 1000, 'penalty': 'none'}",f1:0.105,AUC:0.775,Acc:0.971,0.1967
0,0,0,0,0,1,1,0,1,0,0,0,0,0,0,1,0,0,0,0,1,0,0,0,1,1,1,1,0,0,0,0,0,0,1,0,0,1,0,0,1,0,"{'C': 0.1, 'class_weight': {0: 1, 1: 5}, 'max_iter': 1000, 'penalty': 'none'}",f1:0.0,AUC:0.828,Acc:0.97,0.1963
0,0,1,0,1,1,0,0,1,0,0,1,0,0,0,1,0,1,0,0,0,1,1,1,1,0,0,1,0,0,0,0,1,1,1,0,0,0,0,0,1,0,"{'C': 1, 'class_weight': {0: 1, 1: 5}, 'max_iter': 1000, 'penalty': 'l2'}",f1:0.069,AUC:0.827,Acc:0.958,0.1961
0,0,0,1,1,0,0,1,0,0,0,0,0,0,0,0,1,1,0,1,0,1,0,1,1,0,0,0,1,0,1,1,1,1,0,1,0,0,1,0,0,0,"{'C': 0.5, 'class_weight': {0: 1, 1: 4}, 'max_iter': 1000, 'penalty': 'l2'}",f1:0.194,AUC:0.749,Acc:0.971,0.1936
0,0,1,0,0,0,0,1,0,1,1,0,0,0,0,0,0,0,1,1,0,0,1,0,0,1,0,0,1,0,0,0,1,0,1,0,0,0,0,1,0,0,"{'C': 1, 'class_weight': {0: 1, 1: 4}, 'max_iter': 1000, 'penalty': 'l2'}",f1:0.186,AUC:0.774,Acc:0.967,0.1929
0,1,0,0,0,1,0,0,0,1,0,1,0,1,0,0,0,1,1,1,1,0,1,0,0,0,1,0,0,1,0,0,0,0,0,0,0,0,0,0,0,0,"{'C': 0.1, 'class_weight': {0: 1, 1: 5}, 'max_iter': 1000, 'penalty': 'l2'}",f1:0.0,AUC:0.803,Acc:0.97,0.1882
0,1,0,0,0,1,0,0,1,0,0,1,0,0,0,0,0,0,0,1,1,0,0,1,1,1,0,1,1,1,0,0,1,0,0,1,0,1,0,0,1,0,"{'C': 0.1, 'class_weight': {0: 1, 1: 5}, 'max_iter': 1000, 'penalty': 'none'}",f1:0.099,AUC:0.799,Acc:0.968,0.1868
0,0,0,0,1,0,1,1,1,0,0,0,0,0,1,0,0,1,0,0,0,0,0,0,1,1,1,0,1,0,0,0,0,1,0,0,0,0,0,1,0,0,"{'C': 0.1, 'class_weight': {0: 1, 1: 5}, 'max_iter': 1000, 'penalty': 'l2'}",f1:0.013,AUC:0.762,Acc:0.97,0.1783
0,0,1,0,1,0,1,1,0,0,1,1,0,0,0,0,1,0,0,1,0,0,1,1,0,1,0,0,1,1,0,0,0,1,1,0,0,0,0,1,0,0,"{'C': 1, 'class_weight': {0: 1, 1: 5}, 'max_iter': 1000, 'penalty': 'l2'}",f1:0.143,AUC:0.795,Acc:0.968,0.1762
0,1,1,1,1,0,0,1,0,0,0,1,0,1,1,0,1,0,0,0,0,1,0,0,0,0,0,1,0,0,1,1,0,1,0,0,1,0,1,0,0,0,"{'C': 0.5, 'class_weight': {0: 1, 1: 4}, 'max_iter': 1000, 'penalty': 'l2'}",f1:0.094,AUC:0.759,Acc:0.97,0.1727
0,0,0,0,0,0,0,1,0,1,0,1,1,0,0,1,0,1,0,1,0,0,0,0,1,0,0,0,1,1,0,0,0,1,0,0,0,0,1,0,0,0,"{'C': 0.5, 'class_weight': {0: 1, 1: 5}, 'max_iter': 1000, 'penalty': 'l2'}",f1:0.0,AUC:0.71,Acc:0.971,0.1557
0,0,0,0,0,1,0,1,1,0,0,0,1,0,1,1,0,0,0,0,1,0,1,0,1,0,0,0,0,1,0,1,0,0,0,1,0,0,0,0,0,0,"{'C': 0.1, 'class_weight': {0: 1, 1: 5}, 'max_iter': 1000, 'penalty': 'l2'}",f1:0.0,AUC:0.805,Acc:0.97,0.1549
0,0,1,1,0,0,0,1,1,0,0,0,1,0,1,0,0,0,0,1,1,0,0,0,0,0,0,1,1,0,0,0,0,0,0,0,1,1,0,0,0,0,"{'C': 0.5, 'class_weight': {0: 1, 1: 5}, 'max_iter': 1000, 'penalty': 'l2'}",f1:0.114,AUC:0.741,Acc:0.971,0.1522
0,0,0,0,1,0,1,1,1,1,1,0,1,1,0,0,1,0,1,1,0,0,1,1,0,1,0,0,0,0,1,1,0,0,0,0,0,0,0,0,0,0,"{'C': 0.1, 'class_weight': {0: 1, 1: 5}, 'max_iter': 1000, 'penalty': 'l2'}",f1:0.031,AUC:0.724,Acc:0.969,0.1446
0,1,1,1,1,1,0,0,0,0,0,1,0,0,1,0,0,1,1,0,0,1,1,0,0,0,0,0,1,1,1,0,1,0,0,0,1,0,0,0,0,0,"{'C': 0.5, 'class_weight': {0: 1, 1: 5}, 'max_iter': 1000, 'penalty': 'l2'}",f1:0.125,AUC:0.816,Acc:0.946,0.1426
0,0,0,1,1,0,1,1,0,1,0,0,1,1,0,1,1,0,0,0,0,0,1,0,1,1,0,0,0,0,1,1,1,0,0,0,1,0,0,0,0,0,"{'C': 0.1, 'class_weight': {0: 1, 1: 5}, 'max_iter': 1000, 'penalty': 'l2'}",f1:0.004,AUC:0.75,Acc:0.97,0.142
0,1,0,0,1,0,1,0,0,0,0,0,0,0,0,0,0,0,0,0,1,0,0,0,0,0,0,0,0,1,0,0,0,0,1,1,0,0,0,1,0,0,"{'C': 1, 'class_weight': {0: 1, 1: 5}, 'max_iter': 1000, 'penalty': 'l2'}",f1:0.0,AUC:0.774,Acc:0.971,0.1291
0,0,1,1,0,0,0,1,0,0,1,0,0,0,1,0,0,0,0,1,0,0,0,1,0,0,0,0,0,0,1,0,0,0,0,0,0,0,0,0,0,0,"{'C': 0.1, 'class_weight': {0: 1, 1: 5}, 'max_iter': 1000, 'penalty': 'none'}",f1:0.0,AUC:0.569,Acc:0.971,0.1255
0,0,0,0,1,0,1,0,0,0,0,0,0,0,0,0,0,1,1,0,0,1,1,0,1,1,0,0,0,1,0,0,1,0,0,0,0,1,0,1,0,0,"{'C': 0.1, 'class_weight': {0: 1, 1: 5}, 'max_iter': 1000, 'penalty': 'none'}",f1:0.0,AUC:0.759,Acc:0.969,0.1221
0,0,0,0,0,0,1,0,1,1,0,0,0,0,0,0,0,0,0,0,1,0,0,0,0,0,1,0,1,1,0,0,0,0,1,1,0,1,1,1,0,0,"{'C': 0.1, 'class_weight': {0: 1, 1: 5}, 'max_iter': 1000, 'penalty': 'l2'}",f1:0.0,AUC:0.741,Acc:0.971,0.122
0,0,1,1,0,1,0,0,1,0,0,0,0,0,0,1,0,1,0,0,1,0,1,0,0,0,0,1,0,0,0,0,0,1,0,1,1,0,0,0,0,0,"{'C': 0.1, 'class_weight': {0: 1, 1: 5}, 'max_iter': 1000, 'penalty': 'none'}",f1:0.0,AUC:0.825,Acc:0.971,0.1195
0,0,0,0,1,0,1,0,0,0,0,1,0,1,0,0,0,1,0,0,1,0,1,0,0,0,0,0,0,1,0,1,1,0,0,1,0,0,0,1,0,0,"{'C': 0.1, 'class_weight': {0: 1, 1: 5}, 'max_iter': 1000, 'penalty': 'l2'}",f1:0.118,AUC:0.755,Acc:0.953,0.1179
0,0,0,1,0,0,1,0,1,0,1,1,0,1,1,0,0,1,1,0,0,0,0,1,0,1,0,0,0,1,0,1,0,0,0,0,0,1,1,0,0,1,"{'C': 0.5, 'class_weight': {0: 1, 1: 5}, 'max_iter': 1000, 'penalty': 'l2'}",f1:0.0,AUC:0.694,Acc:0.97,0.1022
0,1,0,0,1,0,0,1,1,0,1,0,0,1,0,1,0,0,0,1,0,0,1,0,1,0,1,0,1,0,1,1,1,0,1,0,0,0,0,0,0,0,"{'C': 0.1, 'class_weight': {0: 1, 1: 5}, 'max_iter': 1000, 'penalty': 'l2'}",f1:0.096,AUC:0.683,Acc:0.966,0.1016
0,1,0,0,0,0,1,0,0,0,0,0,1,0,0,0,0,0,1,0,0,0,0,1,0,0,0,1,0,0,1,1,1,0,0,0,0,1,0,1,1,0,"{'C': 0.1, 'class_weight': {0: 1, 1: 5}, 'max_iter': 1000, 'penalty': 'l2'}",f1:0.0,AUC:0.66,Acc:0.971,0.0768
0,0,0,0,0,0,1,1,0,0,1,1,0,0,0,1,1,1,1,0,1,0,0,0,0,0,0,1,0,0,1,1,1,0,0,0,1,0,0,0,1,1,"{'C': 0.1, 'class_weight': {0: 1, 1: 5}, 'max_iter': 1000, 'penalty': 'l2'}",f1:0.0,AUC:0.688,Acc:0.971,0.0735
0,0,1,1,0,1,1,0,1,0,0,1,0,1,0,0,0,0,0,0,0,1,1,1,1,0,1,0,0,1,0,1,0,0,0,0,0,0,0,0,1,1,"{'C': 0.1, 'class_weight': {0: 1, 1: 5}, 'max_iter': 1000, 'penalty': 'none'}",f1:0.0,AUC:0.762,Acc:0.971,0.0699
0,0,1,0,0,1,0,0,0,0,0,1,0,1,0,0,0,0,0,0,0,1,0,0,0,0,0,0,0,0,1,1,0,0,0,0,0,0,1,0,0,0,"{'C': 0.1, 'class_weight': {0: 1, 1: 5}, 'max_iter': 1000, 'penalty': 'none'}",f1:0.0,AUC:0.797,Acc:0.971,0.0656
0,0,0,0,0,0,0,1,1,0,1,1,0,1,0,0,1,0,0,0,0,0,1,0,1,0,1,0,0,1,1,1,0,1,1,0,1,0,0,0,1,0,"{'C': 0.1, 'class_weight': {0: 1, 1: 5}, 'max_iter': 1000, 'penalty': 'l2'}",f1:0.006,AUC:0.602,Acc:0.971,0.0531
0,1,0,1,0,0,0,0,0,0,0,0,0,0,1,1,1,1,0,1,0,0,0,0,0,0,0,0,0,0,0,1,0,0,0,1,1,1,0,0,0,1,"{'C': 0.1, 'class_weight': {0: 1, 1: 5}, 'max_iter': 1000, 'penalty': 'none'}",f1:0.0,AUC:0.698,Acc:0.971,0.0529
0,0,0,0,1,0,0,1,1,0,0,1,0,1,0,0,0,0,0,0,0,0,0,0,0,1,0,0,0,0,0,0,0,0,0,0,1,0,0,0,1,0,"{'C': 1, 'class_weight': {0: 1, 1: 5}, 'max_iter': 1000, 'penalty': 'l2'}",f1:0.0,AUC:0.714,Acc:0.971,0.0422
0,1,0,1,1,0,1,0,0,1,0,0,0,0,0,0,1,0,0,1,0,0,1,0,1,0,1,0,1,0,1,0,1,1,0,0,1,0,0,0,1,0,"{'C': 0.5, 'class_weight': {0: 1, 1: 5}, 'max_iter': 1000, 'penalty': 'l2'}",f1:0.029,AUC:0.738,Acc:0.958,0.0349
0,0,0,0,0,0,0,1,0,0,0,0,1,0,0,0,0,0,0,0,0,0,1,1,0,0,0,1,0,0,0,0,1,0,0,1,0,0,0,0,0,1,"{'C': 0.1, 'class_weight': {0: 1, 1: 5}, 'max_iter': 1000, 'penalty': 'l2'}",f1:0.03,AUC:0.674,Acc:0.971,0.0296
0,0,1,0,1,0,1,0,0,0,1,1,0,0,1,0,0,1,1,0,0,0,0,0,0,1,0,1,0,0,1,1,1,0,0,0,1,1,0,0,1,0,"{'C': 0.1, 'class_weight': {0: 1, 1: 5}, 'max_iter': 1000, 'penalty': 'none'}",f1:0.0,AUC:0.663,Acc:0.97,0.027
0,0,1,1,0,0,1,0,0,0,0,0,0,1,0,0,0,0,0,1,1,0,0,0,0,0,0,0,0,0,0,0,0,0,0,0,0,0,0,1,1,0,"{'C': 1, 'class_weight': {0: 1, 1: 5}, 'max_iter': 1000, 'penalty': 'l2'}",f1:0.026,AUC:0.772,Acc:0.966,0.0264
0,1,1,1,1,0,1,0,0,1,0,0,0,0,0,0,1,0,0,0,1,0,0,1,1,1,0,0,1,1,0,1,0,0,1,0,0,1,0,0,0,0,"{'C': 0.1, 'class_weight': {0: 1, 1: 5}, 'max_iter': 1000, 'penalty': 'none'}",f1:0.016,AUC:0.65,Acc:0.964,0.0165
0,0,0,1,1,0,1,0,1,0,0,1,0,0,0,0,0,1,0,0,1,1,0,0,0,1,1,1,1,0,0,1,0,1,0,1,0,1,0,0,0,0,"{'C': 0.5, 'class_weight': {0: 1, 1: 5}, 'max_iter': 1000, 'penalty': 'l2'}",f1:0.0,AUC:0.666,Acc:0.971,0.0131
0,1,1,0,0,0,0,0,1,0,0,0,0,1,1,0,0,1,0,0,0,0,1,0,1,1,1,0,0,0,1,0,0,0,1,1,0,0,1,1,1,0,"{'C': 0.1, 'class_weight': {0: 1, 1: 5}, 'max_iter': 1000, 'penalty': 'l2'}",f1:0.0,AUC:0.707,Acc:0.971,0.0064
0,1,0,1,0,0,0,0,1,0,0,0,0,0,0,0,1,1,0,1,0,0,1,0,1,1,0,0,1,0,0,0,0,0,0,0,0,0,1,0,1,0,"{'C': 0.1, 'class_weight': {0: 1, 1: 5}, 'max_iter': 1000, 'penalty': 'l2'}",f1:0.0,AUC:0.73,Acc:0.971,0.0028
0,0,0,1,0,0,0,0,0,0,0,0,0,0,1,0,0,1,0,0,1,0,0,0,0,1,0,1,0,0,0,0,1,0,0,0,0,0,1,0,0,0,"{'C': 0.1, 'class_weight': {0: 1, 1: 5}, 'max_iter': 1000, 'penalty': 'none'}",f1:0.0,AUC:0.681,Acc:0.971,0.0013
0,0,0,0,0,0,0,0,1,1,1,0,0,1,0,0,0,1,1,0,0,1,0,1,0,0,0,0,0,0,0,0,1,0,0,0,0,0,1,0,1,1,"{'C': 0.5, 'class_weight': {0: 1, 1: 3}, 'max_iter': 1000, 'penalty': 'l2'}",f1:0.0,AUC:0.718,Acc:0.971,0.0013
0,0,0,1,0,0,0,0,1,0,0,1,1,1,0,1,0,0,0,1,0,0,0,0,0,0,0,1,0,0,0,0,1,1,1,0,0,0,1,0,0,0,"{'C': 0.1, 'class_weight': {0: 1, 1: 5}, 'max_iter': 1000, 'penalty': 'l2'}",f1:0.0,AUC:0.74,Acc:0.971,0.0013
0,0,0,0,0,0,0,0,1,1,0,0,0,0,0,0,1,0,0,0,0,0,0,0,0,0,0,0,0,0,0,0,1,0,1,0,0,0,1,0,1,1,"{'C': 0.1, 'class_weight': {0: 1, 1: 3}, 'max_iter': 1000, 'penalty': 'none'}",f1:0.0,AUC:0.768,Acc:0.971,0.0013
0,0,0,0,0,0,0,0,1,0,0,0,0,0,0,1,0,0,0,0,0,1,0,1,0,0,0,1,0,0,0,1,1,1,0,0,1,0,1,0,1,1,"{'C': 0.1, 'class_weight': {0: 1, 1: 3}, 'max_iter': 1000, 'penalty': 'none'}",f1:0.0,AUC:0.675,Acc:0.971,0.0013
0,0,1,1,0,0,0,0,0,0,0,0,1,0,0,0,1,0,0,0,1,1,0,0,0,1,0,0,0,1,0,1,1,0,0,0,0,0,1,0,1,0,"{'C': 0.1, 'class_weight': {0: 1, 1: 3}, 'max_iter': 1000, 'penalty': 'none'}",f1:0.001,AUC:0.671,Acc:0.968,0.0013
0,0,0,0,0,0,0,0,0,1,1,0,1,0,0,0,0,0,0,0,0,0,0,0,0,1,0,0,0,1,0,0,0,0,0,1,1,0,1,0,0,0,"{'C': 0.1, 'class_weight': {0: 1, 1: 5}, 'max_iter': 1000, 'penalty': 'l2'}",f1:0.0,AUC:0.725,Acc:0.971,0.001
0,0,0,0,0,0,0,1,0,0,1,0,0,0,0,0,0,0,0,0,1,0,0,0,1,0,0,1,0,0,0,0,1,1,0,0,0,0,0,0,0,1,"{'C': 0.5, 'class_weight': {0: 1, 1: 2}, 'max_iter': 1000, 'penalty': 'l2'}",f1:0.0,AUC:0.634,Acc:0.971,0.0008
0,0,0,1,0,0,1,0,0,1,1,0,0,0,1,1,0,0,0,0,0,1,0,0,1,1,1,0,0,0,0,0,1,1,0,0,0,0,0,0,0,0,"{'C': 0.1, 'class_weight': {0: 1, 1: 4}, 'max_iter': 1000, 'penalty': 'l2'}",f1:0.001,AUC:0.649,Acc:0.968,0.0005
0,0,0,0,0,0,0,0,0,0,0,0,0,0,0,1,1,0,0,0,0,1,0,0,1,0,0,0,0,1,0,0,1,0,0,1,0,0,0,0,1,0,"{'C': 0.1, 'class_weight': {0: 1, 1: 3}, 'max_iter': 1000, 'penalty': 'l2'}",f1:0.001,AUC:0.644,Acc:0.971,0.0005
0,0,0,0,0,0,0,1,0,0,0,0,0,0,0,0,0,0,1,0,0,0,1,0,1,1,0,0,0,0,0,0,1,1,0,0,0,0,0,0,0,1,"{'C': 0.1, 'class_weight': {0: 1, 1: 2}, 'max_iter': 1000, 'penalty': 'none'}",f1:0.001,AUC:0.646,Acc:0.97,0.0005
0,0,1,1,0,0,1,0,0,0,0,0,1,1,0,0,0,1,0,0,0,1,1,0,1,0,1,0,1,0,1,1,1,1,0,0,0,0,0,1,0,0,"{'C': 0.1, 'class_weight': {0: 1, 1: 3}, 'max_iter': 1000, 'penalty': 'l2'}",f1:0.001,AUC:0.641,Acc:0.971,0.0005
0,1,0,1,0,0,0,0,0,1,0,0,1,0,0,0,0,0,0,0,0,0,0,0,0,1,0,1,0,0,0,1,0,0,0,1,0,0,0,0,0,0,"{'C': 0.1, 'class_weight': {0: 1, 1: 5}, 'max_iter': 1000, 'penalty': 'l2'}",f1:0.0,AUC:0.617,Acc:0.971,0.0003
0,0,1,0,0,0,0,0,0,0,1,0,0,1,0,0,0,0,0,0,0,1,0,0,0,0,0,1,0,0,1,0,0,0,1,0,0,0,0,0,0,1,"{'C': 0.1, 'class_weight': {0: 1, 1: 2}, 'max_iter': 1000, 'penalty': 'l2'}",f1:0.0,AUC:0.614,Acc:0.971,0.0
0,0,0,1,0,0,0,0,0,0,0,0,0,1,1,0,0,1,0,0,0,0,0,0,0,0,0,0,0,0,1,1,0,0,0,1,0,1,0,0,0,0,"{'C': 0.1, 'class_weight': {0: 1, 1: 2}, 'max_iter': 1000, 'penalty': 'l2'}",f1:0.0,AUC:0.605,Acc:0.971,0.0
0,0,0,0,0,0,0,0,0,0,0,0,1,0,1,0,0,0,0,1,1,0,1,0,0,1,0,0,1,0,1,0,0,0,0,0,0,0,0,0,0,0,"{'C': 0.1, 'class_weight': {0: 1, 1: 2}, 'max_iter': 1000, 'penalty': 'l2'}",f1:0.0,AUC:0.619,Acc:0.971,0.0
0,0,0,0,0,0,1,0,0,1,1,0,0,0,0,0,0,0,0,0,1,0,0,1,0,1,1,0,0,1,0,0,0,0,0,0,0,0,0,0,0,0,"{'C': 0.1, 'class_weight': {0: 1, 1: 2}, 'max_iter': 1000, 'penalty': 'l2'}",f1:0.0,AUC:0.561,Acc:0.968,0.0
0,0,0,0,0,0,0,0,1,1,0,0,0,1,0,1,0,0,0,0,0,1,0,0,0,0,0,0,1,0,0,0,0,0,0,0,1,0,1,0,0,0,"{'C': 0.1, 'class_weight': {0: 1, 1: 2}, 'max_iter': 1000, 'penalty': 'l2'}",f1:0.0,AUC:0.762,Acc:0.971,0.0
0,0,0,0,0,0,1,1,0,0,0,1,0,0,0,0,0,0,0,0,0,0,0,0,0,0,0,1,0,1,1,0,0,0,0,1,1,0,0,0,0,0,"{'C': 0.1, 'class_weight': {0: 1, 1: 2}, 'max_iter': 1000, 'penalty': 'l2'}",f1:0.0,AUC:0.652,Acc:0.971,0.0
0,0,0,1,1,0,0,0,1,0,1,1,0,1,0,0,1,0,0,0,1,1,0,0,0,0,0,0,1,0,0,1,0,1,0,0,0,0,1,1,1,1,"{'C': 0.1, 'class_weight': {0: 1, 1: 2}, 'max_iter': 1000, 'penalty': 'l2'}",f1:0.0,AUC:0.74,Acc:0.971,0.0
0,0,1,0,0,0,0,0,1,0,1,0,1,1,1,0,1,1,0,0,0,0,1,1,0,0,0,0,0,1,0,0,0,0,1,0,0,1,0,1,1,1,"{'C': 0.1, 'class_weight': {0: 1, 1: 2}, 'max_iter': 1000, 'penalty': 'l2'}",f1:0.0,AUC:0.707,Acc:0.971,0.0
0,1,1,0,0,0,0,0,0,0,0,1,0,0,1,0,0,0,1,0,0,0,0,0,1,0,0,0,0,0,0,0,0,1,0,1,0,0,0,0,0,0,"{'C': 0.1, 'class_weight': {0: 1, 1: 2}, 'max_iter': 1000, 'penalty': 'l2'}",f1:0.0,AUC:0.668,Acc:0.971,0.0
0,0,0,1,0,1,0,1,0,0,0,1,0,0,0,0,0,0,1,0,0,0,0,0,0,1,0,1,0,0,0,1,0,0,0,0,0,0,0,0,0,0,"{'C': 0.1, 'class_weight': {0: 1, 1: 2}, 'max_iter': 1000, 'penalty': 'l2'}",f1:0.0,AUC:0.735,Acc:0.971,0.0
0,0,1,0,1,0,0,0,1,0,0,0,1,0,0,1,0,0,0,0,0,0,0,0,0,0,0,0,0,0,0,0,0,1,0,1,0,0,0,0,1,0,"{'C': 0.1, 'class_weight': {0: 1, 1: 2}, 'max_iter': 1000, 'penalty': 'l2'}",f1:0.0,AUC:0.708,Acc:0.971,0.0
0,0,0,0,1,0,0,0,0,0,0,0,0,1,0,0,1,0,0,1,0,0,0,0,0,1,0,1,0,1,0,0,0,0,0,0,0,0,1,0,0,0,"{'C': 0.1, 'class_weight': {0: 1, 1: 2}, 'max_iter': 1000, 'penalty': 'l2'}",f1:0.0,AUC:0.697,Acc:0.971,0.0
0,0,0,0,0,0,0,0,0,0,0,0,1,0,0,0,0,1,0,0,0,0,1,0,0,0,0,0,1,0,1,1,0,0,1,0,0,0,0,1,0,0,"{'C': 0.1, 'class_weight': {0: 1, 1: 2}, 'max_iter': 1000, 'penalty': 'l2'}",f1:0.0,AUC:0.671,Acc:0.971,0.0
0,0,0,0,0,0,0,0,0,1,0,0,0,1,0,0,0,1,0,0,1,0,0,0,1,0,1,0,0,0,1,0,0,0,0,0,0,0,0,0,0,1,"{'C': 0.1, 'class_weight': {0: 1, 1: 2}, 'max_iter': 1000, 'penalty': 'l2'}",f1:0.0,AUC:0.598,Acc:0.971,0.0
0,0,0,1,1,0,0,0,1,1,1,0,0,1,1,1,0,1,0,0,0,1,0,0,1,1,0,1,0,0,0,0,0,0,0,0,1,1,0,0,0,1,"{'C': 0.1, 'class_weight': {0: 1, 1: 2}, 'max_iter': 1000, 'penalty': 'l2'}",f1:0.0,AUC:0.724,Acc:0.971,0.0
0,0,0,1,0,0,0,0,0,0,0,0,0,0,0,0,0,0,0,1,1,1,0,0,0,0,0,0,1,1,0,0,0,1,0,0,1,0,0,0,0,0,"{'C': 0.1, 'class_weight': {0: 1, 1: 2}, 'max_iter': 1000, 'penalty': 'l2'}",f1:0.0,AUC:0.656,Acc:0.971,0.0
0,0,0,0,0,0,0,0,0,1,0,0,0,0,0,0,0,0,1,0,1,0,1,0,0,0,0,0,1,0,0,1,0,0,0,0,0,0,1,1,0,0,"{'C': 0.1, 'class_weight': {0: 1, 1: 2}, 'max_iter': 1000, 'penalty': 'l2'}",f1:0.0,AUC:0.66,Acc:0.971,0.0
0,0,0,0,0,0,0,0,0,0,0,0,0,0,0,0,1,0,1,0,0,1,1,0,1,0,1,1,0,0,0,1,0,0,0,0,0,0,0,0,0,0,"{'C': 0.1, 'class_weight': {0: 1, 1: 2}, 'max_iter': 1000, 'penalty': 'l2'}",f1:0.0,AUC:0.477,Acc:0.971,0.0
0,1,0,0,0,0,0,0,0,1,0,0,0,0,0,0,1,0,0,0,1,0,1,0,0,0,0,0,0,1,0,0,0,0,0,1,1,1,1,0,1,1,"{'C': 0.1, 'class_weight': {0: 1, 1: 2}, 'max_iter': 1000, 'penalty': 'l2'}",f1:0.0,AUC:0.733,Acc:0.971,0.0
0,0,0,0,1,0,1,0,0,0,1,0,0,0,1,1,0,1,1,0,1,0,1,0,0,0,1,0,1,1,0,0,0,0,0,0,0,0,0,0,0,0,"{'C': 0.1, 'class_weight': {0: 1, 1: 2}, 'max_iter': 1000, 'penalty': 'l2'}",f1:0.0,AUC:0.643,Acc:0.971,0.0
0,0,1,0,1,0,0,0,1,1,1,0,0,1,1,0,0,1,1,0,0,0,0,0,1,0,0,1,0,0,0,0,0,0,0,0,0,0,0,0,0,1,"{'C': 0.1, 'class_weight': {0: 1, 1: 2}, 'max_iter': 1000, 'penalty': 'l2'}",f1:0.0,AUC:0.689,Acc:0.971,0.0
0,0,0,0,0,0,0,0,1,0,0,0,0,0,0,0,0,1,0,1,1,0,0,0,0,1,1,0,0,1,1,0,0,0,0,0,0,0,0,0,0,0,"{'C': 0.1, 'class_weight': {0: 1, 1: 2}, 'max_iter': 1000, 'penalty': 'l2'}",f1:0.0,AUC:0.515,Acc:0.971,0.0
0,0,0,0,1,0,1,0,0,1,1,0,0,0,0,0,0,0,0,0,0,0,0,1,1,0,0,1,0,0,0,0,0,1,0,0,0,0,0,0,0,0,"{'C': 0.1, 'class_weight': {0: 1, 1: 2}, 'max_iter': 1000, 'penalty': 'l2'}",f1:0.0,AUC:0.623,Acc:0.971,0.0
0,0,0,0,0,0,0,0,1,1,1,0,0,1,0,0,1,0,0,0,0,1,0,0,1,0,0,0,1,0,0,1,0,0,0,0,1,0,1,0,1,0,"{'C': 0.1, 'class_weight': {0: 1, 1: 2}, 'max_iter': 1000, 'penalty': 'l2'}",f1:0.0,AUC:0.726,Acc:0.971,0.0
0,1,0,1,0,0,0,0,0,0,0,1,0,1,1,0,0,0,0,0,0,0,0,1,0,0,0,0,1,0,0,0,0,0,0,1,0,0,0,0,0,0,"{'C': 0.1, 'class_weight': {0: 1, 1: 2}, 'max_iter': 1000, 'penalty': 'l2'}",f1:0.0,AUC:0.653,Acc:0.971,0.0
0,0,0,0,0,0,1,0,0,0,0,0,0,0,0,1,0,0,1,0,0,0,0,0,0,0,1,0,0,1,0,1,0,0,0,0,1,1,0,0,0,0,"{'C': 0.1, 'class_weight': {0: 1, 1: 2}, 'max_iter': 1000, 'penalty': 'l2'}",f1:0.0,AUC:0.627,Acc:0.971,0.0
0,0,1,0,1,0,0,0,0,0,0,0,0,0,0,0,0,0,0,0,1,0,1,0,1,0,1,1,0,0,1,0,0,0,0,0,0,0,0,0,0,0,"{'C': 0.1, 'class_weight': {0: 1, 1: 2}, 'max_iter': 1000, 'penalty': 'l2'}",f1:0.0,AUC:0.465,Acc:0.971,0.0
